id,y_category
1,0
2,2
3,G
4,0
5,N
6,D
7,E
8,S
9,Q
10,R
11,O
12,Z
13,1
14,3
15,J
16,4
17,V
18,O
19,Z
20,V
21,G
22,D
23,6
24,Z
25,7
26,I
27,2
28,K
29,0
30,C
31,5
32,4
33,M
34,3
35,O
36,Z
37,K
38,J
39,0
40,O
41,8
42,V
43,2
44,B
45,4
46,V
47,0
48,R
49,0
50,2
51,K
52,D
53,1
54,Z
55,N
56,O
57,K
58,V
59,D
60,V
61,O
62,V
63,Q
64,V
65,4
66,R
67,K
68,5
69,Z
70,9
71,R
72,I
73,7
74,K
75,8
76,O
77,6
78,B
79,I
80,6
81,K
82,B
83,F
84,I
85,9
86,O
87,0
88,K
89,0
90,6
91,O
92,2
93,0
94,Z
95,C
96,O
97,6
98,4
99,D
100,F
101,Z
102,D
103,E
104,E
105,5
106,3
107,J
108,E
109,D
110,V
111,9
112,N
113,K
114,5
115,F
116,O
117,7
118,Z
119,D
120,K
121,E
122,C
123,B
124,M
125,Z
126,V
127,E
128,Z
129,2
130,E
131,1
132,V
133,B
134,G
135,9
136,M
137,N
138,O
139,2
140,J
141,F
142,B
143,C
144,B
145,M
146,K
147,9
148,0
149,4
150,Z
151,0
152,9
153,2
154,K
155,E
156,O
157,9
158,6
159,0
160,M
161,9
162,G
163,3
164,0
165,O
166,7
167,9
168,M
169,Z
170,8
171,3
172,Z
173,R
174,Z
175,G
176,E
177,9
178,Z
179,I
180,O
181,O
182,F
183,7
184,E
185,H
186,N
187,D
188,B
189,0
190,D
191,Z
192,O
193,6
194,Z
195,O
196,4
197,E
198,8
199,K
200,J
201,G
202,H
203,B
204,M
205,Z
206,5
207,1
208,N
209,0
210,8
211,Z
212,Z
213,9
214,Z
215,0
216,O
217,M
218,Z
219,0
220,V
221,7
222,V
223,N
224,N
225,N
226,6
227,6
228,M
229,4
230,V
231,K
232,Z
233,0
234,D
235,2
236,M
237,G
238,D
239,U
240,O
241,V
242,0
243,3
244,L
245,F
246,R
247,0
248,5
249,M
250,0
251,M
252,M
253,K
254,0
255,D
256,0
257,L
258,I
259,0
260,Z
261,K
262,0
263,3
264,0
265,M
266,D
267,N
268,4
269,2
270,Z
271,9
272,N
273,Q
274,9
275,C
276,Z
277,B
278,B
279,5
280,2
281,E
282,V
283,2
284,E
285,O
286,2
287,Q
288,E
289,J
290,B
291,Z
292,9
293,B
294,2
295,9
296,N
297,M
298,Z
299,0
300,E
301,V
302,Z
303,R
304,B
305,O
306,V
307,E
308,O
309,B
310,O
311,2
312,N
313,N
314,8
315,Q
316,C
317,8
318,2
319,Z
320,H
321,9
322,O
323,V
324,B
325,0
326,0
327,B
328,F
329,F
330,L
331,V
332,Z
333,3
334,0
335,0
336,G
337,4
338,2
339,J
340,O
341,Z
342,L
343,J
344,9
345,0
346,B
347,B
348,V
349,9
350,Z
351,Z
352,Z
353,V
354,1
355,8
356,0
357,Z
358,O
359,M
360,N
361,1
362,B
363,P
364,6
365,R
366,N
367,6
368,2
369,B
370,O
371,D
372,D
373,2
374,V
375,V
376,C
377,5
378,Z
379,9
380,6
381,4
382,0
383,0
384,R
385,0
386,Y
387,Z
388,O
389,O
390,K
391,Z
392,B
393,D
394,L
395,V
396,B
397,9
398,Z
399,3
400,3
401,B
402,Y
403,J
404,B
405,2
406,L
407,K
408,N
409,Z
410,C
411,D
412,3
413,V
414,8
415,K
416,8
417,P
418,0
419,0
420,3
421,B
422,6
423,6
424,Z
425,2
426,E
427,3
428,O
429,N
430,I
431,Z
432,9
433,N
434,U
435,B
436,2
437,8
438,5
439,L
440,N
441,N
442,G
443,K
444,C
445,4
446,Z
447,3
448,5
449,K
450,F
451,H
452,1
453,F
454,N
455,O
456,Z
457,Z
458,4
459,1
460,7
461,Q
462,D
463,F
464,Z
465,D
466,B
467,Z
468,J
469,I
470,E
471,O
472,6
473,O
474,6
475,I
476,5
477,D
478,2
479,Z
480,C
481,9
482,V
483,0
484,O
485,O
486,0
487,O
488,O
489,R
490,Z
491,V
492,I
493,0
494,Z
495,B
496,M
497,I
498,C
499,O
500,3
501,V
502,O
503,Z
504,O
505,R
506,D
507,V
508,B
509,B
510,G
511,T
512,J
513,Z
514,O
515,B
516,N
517,5
518,C
519,F
520,V
521,V
522,4
523,O
524,V
525,V
526,O
527,O
528,D
529,Z
530,E
531,3
532,B
533,K
534,5
535,9
536,I
537,1
538,3
539,O
540,K
541,6
542,I
543,6
544,K
545,4
546,D
547,G
548,D
549,R
550,9
551,N
552,K
553,V
554,7
555,1
556,3
557,0
558,0
559,D
560,N
561,Z
562,I
563,B
564,P
565,5
566,V
567,I
568,K
569,5
570,I
571,0
572,2
573,0
574,4
575,1
576,V
577,3
578,V
579,0
580,B
581,I
582,C
583,C
584,V
585,B
586,J
587,E
588,T
589,E
590,N
591,B
592,F
593,V
594,D
595,0
596,0
597,H
598,R
599,C
600,2
601,N
602,4
603,E
604,P
605,D
606,K
607,D
608,0
609,B
610,V
611,5
612,V
613,O
614,3
615,K
616,3
617,2
618,6
619,B
620,E
621,M
622,0
623,2
624,K
625,O
626,K
627,R
628,9
629,E
630,B
631,E
632,B
633,8
634,0
635,W
636,V
637,0
638,E
639,O
640,N
641,G
642,3
643,3
644,R
645,7
646,C
647,L
648,Z
649,N
650,V
651,F
652,V
653,Z
654,D
655,Z
656,O
657,H
658,T
659,7
660,Z
661,3
662,Z
663,T
664,0
665,7
666,K
667,3
668,Z
669,F
670,B
671,K
672,N
673,3
674,7
675,4
676,N
677,0
678,C
679,D
680,N
681,0
682,Z
683,Q
684,4
685,V
686,8
687,K
688,2
689,O
690,V
691,C
692,9
693,G
694,I
695,N
696,G
697,0
698,C
699,7
700,6
701,D
702,K
703,J
704,8
705,V
706,O
707,K
708,V
709,4
710,J
711,Z
712,0
713,0
714,9
715,C
716,Z
717,4
718,F
719,R
720,6
721,Z
722,A
723,N
724,M
725,3
726,Z
727,B
728,E
729,2
730,N
731,8
732,4
733,0
734,O
735,O
736,0
737,B
738,4
739,V
740,I
741,F
742,Q
743,S
744,8
745,D
746,Z
747,Z
748,0
749,O
750,V
751,4
752,E
753,9
754,K
755,0
756,5
757,K
758,4
759,F
760,I
761,V
762,0
763,6
764,1
765,9
766,O
767,N
768,G
769,D
770,J
771,D
772,2
773,V
774,N
775,E
776,O
777,V
778,E
779,8
780,B
781,I
782,O
783,7
784,M
785,E
786,5
787,0
788,0
789,B
790,0
791,2
792,C
793,N
794,C
795,0
796,2
797,6
798,Z
799,C
800,V
801,Z
802,6
803,J
804,E
805,0
806,V
807,V
808,2
809,C
810,E
811,E
812,Y
813,3
814,O
815,L
816,C
817,Z
818,O
819,I
820,R
821,N
822,K
823,V
824,K
825,J
826,9
827,Z
828,K
829,J
830,3
831,N
832,I
833,H
834,K
835,4
836,R
837,F
838,6
839,C
840,Z
841,5
842,V
843,Z
844,K
845,O
846,D
847,N
848,G
849,D
850,R
851,9
852,0
853,7
854,4
855,D
856,2
857,Z
858,7
859,I
860,I
861,Z
862,D
863,M
864,N
865,6
866,D
867,D
868,G
869,Z
870,I
871,4
872,C
873,F
874,N
875,N
876,9
877,V
878,4
879,D
880,V
881,0
882,O
883,7
884,D
885,G
886,Q
887,6
888,O
889,P
890,7
891,B
892,N
893,B
894,L
895,R
896,8
897,M
898,K
899,5
900,I
901,I
902,I
903,2
904,K
905,E
906,M
907,K
908,0
909,4
910,4
911,M
912,0
913,7
914,E
915,6
916,3
917,9
918,J
919,3
920,M
921,9
922,B
923,V
924,N
925,D
926,O
927,0
928,8
929,4
930,0
931,Y
932,B
933,D
934,Z
935,4
936,O
937,Q
938,F
939,7
940,J
941,0
942,K
943,J
944,N
945,E
946,B
947,F
948,D
949,O
950,H
951,Z
952,3
953,C
954,F
955,0
956,L
957,O
958,I
959,D
960,B
961,9
962,4
963,0
964,Z
965,5
966,Z
967,I
968,M
969,Z
970,O
971,B
972,0
973,8
974,O
975,D
976,P
977,E
978,F
979,O
980,R
981,I
982,6
983,Z
984,3
985,9
986,E
987,5
988,0
989,Q
990,M
991,O
992,9
993,L
994,4
995,O
996,D
997,S
998,N
999,D
1000,1
1001,0
1002,V
1003,G
1004,1
1005,K
1006,F
1007,F
1008,9
1009,4
1010,D
1011,7
1012,C
1013,V
1014,E
1015,V
1016,Y
1017,1
1018,F
1019,Z
1020,0
1021,Z
1022,Z
1023,6
1024,B
1025,N
1026,3
1027,V
1028,0
1029,5
1030,S
1031,4
1032,O
1033,A
1034,D
1035,V
1036,G
1037,0
1038,V
1039,J
1040,V
1041,J
1042,Q
1043,F
1044,N
1045,1
1046,3
1047,K
1048,9
1049,F
1050,S
1051,2
1052,V
1053,G
1054,L
1055,7
1056,I
1057,0
1058,0
1059,5
1060,8
1061,6
1062,K
1063,9
1064,W
1065,R
1066,H
1067,J
1068,E
1069,I
1070,E
1071,G
1072,C
1073,7
1074,5
1075,D
1076,6
1077,Z
1078,0
1079,0
1080,Z
1081,3
1082,3
1083,M
1084,6
1085,6
1086,B
1087,Z
1088,H
1089,Z
1090,M
1091,0
1092,J
1093,6
1094,Z
1095,N
1096,K
1097,O
1098,N
1099,S
1100,D
1101,0
1102,E
1103,Z
1104,O
1105,Z
1106,8
1107,Z
1108,4
1109,B
1110,H
1111,I
1112,L
1113,D
1114,Z
1115,N
1116,Q
1117,0
1118,0
1119,6
1120,M
1121,V
1122,O
1123,5
1124,E
1125,N
1126,D
1127,4
1128,M
1129,0
1130,8
1131,7
1132,N
1133,2
1134,0
1135,6
1136,C
1137,1
1138,0
1139,D
1140,Z
1141,3
1142,2
1143,6
1144,0
1145,Z
1146,E
1147,3
1148,2
1149,Z
1150,0
1151,K
1152,5
1153,9
1154,3
1155,9
1156,0
1157,K
1158,S
1159,V
1160,R
1161,G
1162,Z
1163,2
1164,K
1165,F
1166,T
1167,N
1168,9
1169,N
1170,N
1171,0
1172,R
1173,E
1174,Z
1175,J
1176,V
1177,1
1178,E
1179,F
1180,V
1181,1
1182,E
1183,8
1184,D
1185,5
1186,B
1187,D
1188,S
1189,N
1190,E
1191,M
1192,V
1193,Z
1194,H
1195,N
1196,8
1197,B
1198,0
1199,O
1200,V
1201,8
1202,D
1203,5
1204,V
1205,B
1206,O
1207,1
1208,O
1209,3
1210,0
1211,G
1212,2
1213,E
1214,Z
1215,F
1216,J
1217,4
1218,N
1219,C
1220,F
1221,4
1222,Z
1223,1
1224,Z
1225,0
1226,7
1227,0
1228,7
1229,N
1230,V
1231,6
1232,I
1233,9
1234,T
1235,G
1236,4
1237,B
1238,E
1239,O
1240,3
1241,9
1242,2
1243,N
1244,U
1245,3
1246,R
1247,Z
1248,Y
1249,E
1250,J
1251,D
1252,N
1253,N
1254,F
1255,H
1256,N
1257,5
1258,9
1259,B
1260,V
1261,V
1262,K
1263,J
1264,L
1265,5
1266,O
1267,M
1268,O
1269,E
1270,3
1271,3
1272,K
1273,O
1274,H
1275,R
1276,O
1277,M
1278,B
1279,5
1280,B
1281,7
1282,T
1283,0
1284,Q
1285,G
1286,K
1287,B
1288,Z
1289,4
1290,B
1291,N
1292,V
1293,E
1294,4
1295,K
1296,S
1297,Q
1298,C
1299,L
1300,B
1301,F
1302,I
1303,Z
1304,9
1305,Z
1306,V
1307,H
1308,K
1309,K
1310,Z
1311,E
1312,O
1313,3
1314,O
1315,Z
1316,I
1317,8
1318,C
1319,6
1320,N
1321,K
1322,8
1323,O
1324,F
1325,I
1326,7
1327,N
1328,D
1329,Z
1330,0
1331,S
1332,C
1333,D
1334,8
1335,N
1336,9
1337,O
1338,Z
1339,Q
1340,N
1341,0
1342,9
1343,4
1344,I
1345,M
1346,B
1347,N
1348,3
1349,3
1350,C
1351,H
1352,D
1353,K
1354,Z
1355,4
1356,3
1357,V
1358,N
1359,C
1360,0
1361,0
1362,C
1363,8
1364,2
1365,3
1366,1
1367,Z
1368,2
1369,V
1370,2
1371,6
1372,4
1373,D
1374,3
1375,T
1376,Z
1377,Z
1378,H
1379,V
1380,3
1381,N
1382,C
1383,9
1384,B
1385,5
1386,B
1387,Z
1388,G
1389,I
1390,V
1391,8
1392,5
1393,Z
1394,O
1395,9
1396,O
1397,9
1398,V
1399,3
1400,Y
1401,9
1402,5
1403,0
1404,1
1405,3
1406,3
1407,B
1408,C
1409,S
1410,E
1411,F
1412,0
1413,D
1414,G
1415,B
1416,N
1417,O
1418,0
1419,O
1420,6
1421,2
1422,0
1423,L
1424,4
1425,Z
1426,9
1427,I
1428,3
1429,D
1430,Z
1431,0
1432,N
1433,2
1434,M
1435,4
1436,B
1437,H
1438,K
1439,N
1440,3
1441,8
1442,V
1443,3
1444,G
1445,C
1446,4
1447,0
1448,0
1449,2
1450,4
1451,D
1452,1
1453,4
1454,V
1455,Z
1456,3
1457,2
1458,Z
1459,Z
1460,V
1461,Z
1462,M
1463,C
1464,C
1465,G
1466,2
1467,V
1468,9
1469,B
1470,B
1471,F
1472,B
1473,I
1474,K
1475,Q
1476,3
1477,L
1478,F
1479,R
1480,E
1481,G
1482,K
1483,M
1484,D
1485,V
1486,D
1487,V
1488,G
1489,6
1490,R
1491,8
1492,K
1493,O
1494,V
1495,P
1496,M
1497,L
1498,1
1499,U
1500,2
1501,J
1502,D
1503,4
1504,Z
1505,Z
1506,7
1507,F
1508,0
1509,Z
1510,E
1511,F
1512,8
1513,4
1514,C
1515,0
1516,O
1517,Z
1518,I
1519,9
1520,0
1521,O
1522,N
1523,O
1524,V
1525,Z
1526,J
1527,Z
1528,4
1529,2
1530,4
1531,I
1532,H
1533,0
1534,G
1535,O
1536,I
1537,3
1538,4
1539,5
1540,3
1541,0
1542,9
1543,0
1544,D
1545,Y
1546,I
1547,W
1548,3
1549,I
1550,Z
1551,I
1552,2
1553,N
1554,O
1555,O
1556,0
1557,E
1558,3
1559,2
1560,M
1561,W
1562,O
1563,B
1564,1
1565,C
1566,O
1567,G
1568,R
1569,9
1570,Z
1571,K
1572,0
1573,8
1574,C
1575,G
1576,L
1577,Z
1578,N
1579,9
1580,I
1581,K
1582,7
1583,F
1584,L
1585,V
1586,V
1587,0
1588,1
1589,4
1590,L
1591,O
1592,Z
1593,H
1594,M
1595,Z
1596,Z
1597,V
1598,0
1599,Z
1600,7
1601,B
1602,0
1603,O
1604,2
1605,I
1606,5
1607,N
1608,N
1609,D
1610,R
1611,6
1612,N
1613,4
1614,0
1615,E
1616,0
1617,N
1618,R
1619,B
1620,Z
1621,D
1622,7
1623,N
1624,L
1625,K
1626,D
1627,E
1628,3
1629,C
1630,N
1631,P
1632,Z
1633,3
1634,O
1635,J
1636,O
1637,V
1638,V
1639,Z
1640,4
1641,O
1642,Z
1643,7
1644,Z
1645,G
1646,Q
1647,K
1648,N
1649,9
1650,1
1651,I
1652,D
1653,E
1654,0
1655,Z
1656,2
1657,K
1658,G
1659,E
1660,0
1661,7
1662,Q
1663,E
1664,N
1665,P
1666,Z
1667,V
1668,0
1669,N
1670,9
1671,O
1672,G
1673,B
1674,O
1675,B
1676,0
1677,0
1678,R
1679,M
1680,I
1681,B
1682,5
1683,R
1684,D
1685,V
1686,V
1687,2
1688,I
1689,5
1690,D
1691,4
1692,Z
1693,3
1694,6
1695,W
1696,I
1697,2
1698,Z
1699,R
1700,9
1701,4
1702,B
1703,0
1704,O
1705,H
1706,K
1707,I
1708,Z
1709,7
1710,0
1711,V
1712,5
1713,Z
1714,H
1715,Z
1716,8
1717,2
1718,V
1719,O
1720,0
1721,G
1722,5
1723,5
1724,O
1725,Z
1726,E
1727,D
1728,Z
1729,K
1730,Q
1731,J
1732,S
1733,B
1734,I
1735,M
1736,2
1737,J
1738,O
1739,8
1740,Z
1741,9
1742,G
1743,7
1744,9
1745,Z
1746,0
1747,2
1748,0
1749,3
1750,V
1751,J
1752,1
1753,H
1754,0
1755,E
1756,T
1757,O
1758,V
1759,0
1760,2
1761,4
1762,0
1763,M
1764,G
1765,R
1766,4
1767,E
1768,K
1769,6
1770,O
1771,0
1772,1
1773,C
1774,0
1775,D
1776,K
1777,J
1778,0
1779,O
1780,O
1781,9
1782,K
1783,6
1784,K
1785,R
1786,M
1787,9
1788,L
1789,G
1790,H
1791,D
1792,D
1793,E
1794,B
1795,N
1796,2
1797,K
1798,0
1799,O
1800,1
1801,Z
1802,F
1803,V
1804,P
1805,Z
1806,M
1807,5
1808,3
1809,L
1810,G
1811,V
1812,E
1813,N
1814,Z
1815,O
1816,B
1817,Z
1818,E
1819,Z
1820,K
1821,5
1822,6
1823,E
1824,Z
1825,I
1826,V
1827,H
1828,G
1829,V
1830,O
1831,3
1832,0
1833,K
1834,N
1835,6
1836,G
1837,O
1838,5
1839,Z
1840,V
1841,0
1842,V
1843,0
1844,0
1845,3
1846,V
1847,O
1848,B
1849,N
1850,5
1851,G
1852,Z
1853,I
1854,I
1855,1
1856,I
1857,D
1858,5
1859,E
1860,O
1861,9
1862,0
1863,1
1864,0
1865,3
1866,O
1867,Z
1868,2
1869,M
1870,V
1871,R
1872,O
1873,3
1874,O
1875,0
1876,I
1877,9
1878,Z
1879,4
1880,B
1881,0
1882,0
1883,Z
1884,R
1885,2
1886,3
1887,Z
1888,5
1889,V
1890,Z
1891,E
1892,8
1893,6
1894,6
1895,D
1896,L
1897,2
1898,O
1899,C
1900,N
1901,0
1902,K
1903,K
1904,M
1905,B
1906,V
1907,6
1908,3
1909,R
1910,O
1911,B
1912,F
1913,6
1914,N
1915,K
1916,Z
1917,E
1918,K
1919,8
1920,B
1921,R
1922,O
1923,H
1924,C
1925,O
1926,D
1927,Z
1928,C
1929,S
1930,K
1931,E
1932,D
1933,G
1934,G
1935,Z
1936,G
1937,C
1938,0
1939,E
1940,T
1941,Q
1942,K
1943,I
1944,E
1945,9
1946,0
1947,Z
1948,J
1949,F
1950,N
1951,B
1952,0
1953,8
1954,Z
1955,O
1956,3
1957,C
1958,E
1959,V
1960,8
1961,D
1962,K
1963,F
1964,5
1965,Z
1966,I
1967,Q
1968,Z
1969,Z
1970,4
1971,V
1972,8
1973,V
1974,C
1975,9
1976,I
1977,Z
1978,O
1979,Z
1980,0
1981,5
1982,J
1983,I
1984,O
1985,Z
1986,G
1987,V
1988,O
1989,O
1990,O
1991,O
1992,K
1993,Z
1994,8
1995,2
1996,4
1997,0
1998,K
1999,0
2000,O
2001,Z
2002,6
2003,2
2004,E
2005,Z
2006,O
2007,Z
2008,J
2009,7
2010,0
2011,H
2012,D
2013,V
2014,E
2015,I
2016,3
2017,Z
2018,V
2019,C
2020,N
2021,K
2022,5
2023,C
2024,1
2025,8
2026,E
2027,0
2028,6
2029,Z
2030,9
2031,O
2032,3
2033,Z
2034,F
2035,6
2036,2
2037,O
2038,C
2039,O
2040,N
2041,B
2042,7
2043,V
2044,B
2045,8
2046,O
2047,0
2048,D
2049,N
2050,0
2051,F
2052,E
2053,B
2054,M
2055,V
2056,2
2057,S
2058,0
2059,B
2060,D
2061,K
2062,N
2063,6
2064,C
2065,F
2066,H
2067,G
2068,0
2069,6
2070,2
2071,Q
2072,0
2073,I
2074,M
2075,9
2076,6
2077,9
2078,6
2079,B
2080,4
2081,V
2082,K
2083,Z
2084,5
2085,O
2086,J
2087,I
2088,B
2089,C
2090,K
2091,Z
2092,F
2093,7
2094,O
2095,E
2096,K
2097,K
2098,3
2099,6
2100,N
2101,4
2102,Z
2103,B
2104,D
2105,3
2106,4
2107,0
2108,J
2109,7
2110,O
2111,J
2112,V
2113,Z
2114,N
2115,B
2116,N
2117,2
2118,3
2119,B
2120,V
2121,O
2122,K
2123,C
2124,V
2125,Z
2126,9
2127,2
2128,8
2129,N
2130,P
2131,9
2132,M
2133,J
2134,R
2135,B
2136,E
2137,F
2138,F
2139,O
2140,K
2141,Q
2142,O
2143,3
2144,5
2145,E
2146,6
2147,C
2148,0
2149,I
2150,P
2151,Z
2152,B
2153,4
2154,D
2155,O
2156,2
2157,9
2158,P
2159,F
2160,3
2161,9
2162,K
2163,R
2164,N
2165,E
2166,9
2167,I
2168,3
2169,3
2170,B
2171,M
2172,V
2173,G
2174,0
2175,L
2176,M
2177,O
2178,K
2179,2
2180,8
2181,B
2182,I
2183,O
2184,K
2185,G
2186,N
2187,G
2188,B
2189,0
2190,N
2191,8
2192,O
2193,0
2194,B
2195,V
2196,O
2197,3
2198,6
2199,D
2200,V
2201,7
2202,8
2203,0
2204,D
2205,G
2206,5
2207,I
2208,B
2209,Z
2210,7
2211,3
2212,8
2213,O
2214,H
2215,E
2216,0
2217,4
2218,2
2219,K
2220,Z
2221,R
2222,Z
2223,G
2224,5
2225,Q
2226,O
2227,7
2228,V
2229,C
2230,U
2231,N
2232,P
2233,J
2234,O
2235,N
2236,E
2237,Q
2238,9
2239,V
2240,V
2241,R
2242,E
2243,B
2244,F
2245,D
2246,9
2247,4
2248,J
2249,3
2250,Q
2251,D
2252,1
2253,Z
2254,B
2255,K
2256,M
2257,3
2258,B
2259,N
2260,3
2261,N
2262,K
2263,B
2264,J
2265,0
2266,C
2267,Q
2268,N
2269,Z
2270,8
2271,Q
2272,I
2273,0
2274,G
2275,F
2276,Z
2277,L
2278,0
2279,N
2280,I
2281,C
2282,Q
2283,D
2284,E
2285,8
2286,0
2287,M
2288,D
2289,K
2290,9
2291,L
2292,4
2293,E
2294,Z
2295,6
2296,4
2297,0
2298,0
2299,3
2300,C
2301,R
2302,B
2303,0
2304,8
2305,0
2306,9
2307,D
2308,N
2309,R
2310,E
2311,M
2312,J
2313,V
2314,Z
2315,0
2316,J
2317,8
2318,N
2319,4
2320,V
2321,V
2322,0
2323,0
2324,Z
2325,2
2326,5
2327,N
2328,O
2329,E
2330,Z
2331,J
2332,D
2333,B
2334,0
2335,E
2336,1
2337,D
2338,Y
2339,E
2340,0
2341,Z
2342,V
2343,V
2344,I
2345,N
2346,0
2347,B
2348,F
2349,D
2350,9
2351,F
2352,B
2353,N
2354,5
2355,V
2356,B
2357,V
2358,9
2359,M
2360,N
2361,C
2362,I
2363,M
2364,K
2365,N
2366,E
2367,6
2368,9
2369,Z
2370,6
2371,O
2372,Z
2373,Z
2374,2
2375,Z
2376,K
2377,F
2378,D
2379,J
2380,G
2381,9
2382,N
2383,4
2384,4
2385,F
2386,M
2387,G
2388,V
2389,V
2390,N
2391,Z
2392,N
2393,0
2394,E
2395,E
2396,Z
2397,H
2398,N
2399,Z
2400,V
2401,Z
2402,E
2403,0
2404,E
2405,E
2406,V
2407,2
2408,6
2409,6
2410,9
2411,4
2412,N
2413,I
2414,D
2415,6
2416,7
2417,6
2418,B
2419,9
2420,6
2421,N
2422,H
2423,B
2424,0
2425,K
2426,0
2427,R
2428,O
2429,K
2430,G
2431,V
2432,B
2433,5
2434,O
2435,C
2436,M
2437,E
2438,7
2439,M
2440,D
2441,F
2442,4
2443,M
2444,N
2445,N
2446,8
2447,J
2448,0
2449,E
2450,K
2451,L
2452,V
2453,B
2454,V
2455,D
2456,4
2457,6
2458,9
2459,7
2460,O
2461,9
2462,K
2463,K
2464,G
2465,0
2466,0
2467,N
2468,E
2469,5
2470,V
2471,O
2472,O
2473,V
2474,2
2475,G
2476,6
2477,2
2478,7
2479,0
2480,4
2481,0
2482,7
2483,D
2484,7
2485,B
2486,Z
2487,Z
2488,H
2489,6
2490,Z
2491,B
2492,O
2493,4
2494,Z
2495,E
2496,V
2497,N
2498,3
2499,D
2500,M
2501,Z
2502,5
2503,4
2504,Z
2505,Z
2506,7
2507,4
2508,8
2509,G
2510,6
2511,8
2512,G
2513,V
2514,4
2515,1
2516,4
2517,Z
2518,J
2519,R
2520,V
2521,V
2522,C
2523,0
2524,Z
2525,H
2526,Z
2527,M
2528,5
2529,2
2530,I
2531,O
2532,O
2533,7
2534,F
2535,F
2536,0
2537,O
2538,7
2539,O
2540,I
2541,Z
2542,0
2543,1
2544,N
2545,5
2546,7
2547,V
2548,6
2549,Z
2550,Z
2551,Z
2552,R
2553,3
2554,G
2555,N
2556,3
2557,N
2558,0
2559,B
2560,B
2561,3
2562,G
2563,2
2564,N
2565,B
2566,O
2567,6
2568,J
2569,J
2570,O
2571,9
2572,0
2573,R
2574,O
2575,2
2576,I
2577,Z
2578,I
2579,N
2580,0
2581,3
2582,V
2583,Z
2584,K
2585,R
2586,E
2587,0
2588,N
2589,8
2590,B
2591,E
2592,Z
2593,B
2594,Z
2595,O
2596,W
2597,8
2598,D
2599,R
2600,0
2601,6
2602,B
2603,K
2604,P
2605,E
2606,O
2607,2
2608,A
2609,O
2610,2
2611,0
2612,O
2613,J
2614,B
2615,V
2616,0
2617,S
2618,6
2619,5
2620,F
2621,V
2622,R
2623,6
2624,F
2625,0
2626,V
2627,G
2628,O
2629,2
2630,Z
2631,8
2632,N
2633,6
2634,B
2635,D
2636,M
2637,9
2638,Z
2639,2
2640,V
2641,O
2642,K
2643,5
2644,G
2645,5
2646,V
2647,E
2648,6
2649,Z
2650,K
2651,0
2652,E
2653,5
2654,Z
2655,Z
2656,0
2657,7
2658,E
2659,7
2660,N
2661,O
2662,6
2663,Z
2664,0
2665,4
2666,6
2667,R
2668,V
2669,N
2670,N
2671,I
2672,0
2673,I
2674,0
2675,D
2676,Q
2677,0
2678,O
2679,V
2680,B
2681,2
2682,4
2683,B
2684,Q
2685,K
2686,9
2687,O
2688,0
2689,Z
2690,0
2691,M
2692,P
2693,0
2694,M
2695,A
2696,N
2697,P
2698,H
2699,9
2700,0
2701,O
2702,9
2703,0
2704,V
2705,E
2706,3
2707,B
2708,K
2709,3
2710,O
2711,O
2712,B
2713,E
2714,3
2715,E
2716,3
2717,P
2718,F
2719,Q
2720,2
2721,V
2722,K
2723,W
2724,O
2725,V
2726,0
2727,0
2728,V
2729,F
2730,C
2731,K
2732,3
2733,6
2734,0
2735,B
2736,N
2737,D
2738,0
2739,B
2740,1
2741,V
2742,B
2743,D
2744,6
2745,Z
2746,Z
2747,V
2748,N
2749,C
2750,Z
2751,4
2752,Z
2753,R
2754,0
2755,B
2756,I
2757,V
2758,1
2759,3
2760,Q
2761,B
2762,K
2763,2
2764,N
2765,0
2766,8
2767,F
2768,O
2769,6
2770,U
2771,D
2772,2
2773,E
2774,3
2775,C
2776,8
2777,6
2778,M
2779,F
2780,F
2781,Z
2782,1
2783,D
2784,0
2785,V
2786,G
2787,D
2788,7
2789,Z
2790,K
2791,V
2792,6
2793,V
2794,J
2795,0
2796,K
2797,K
2798,Z
2799,2
2800,G
2801,B
2802,T
2803,I
2804,D
2805,R
2806,R
2807,M
2808,9
2809,Z
2810,R
2811,0
2812,E
2813,Y
2814,E
2815,V
2816,N
2817,F
2818,K
2819,Q
2820,7
2821,4
2822,3
2823,N
2824,F
2825,C
2826,4
2827,J
2828,5
2829,F
2830,G
2831,6
2832,I
2833,Z
2834,7
2835,F
2836,F
2837,O
2838,6
2839,P
2840,H
2841,J
2842,0
2843,Z
2844,V
2845,5
2846,Q
2847,D
2848,R
2849,G
2850,O
2851,0
2852,0
2853,N
2854,1
2855,F
2856,B
2857,D
2858,I
2859,5
2860,D
2861,V
2862,2
2863,2
2864,C
2865,Z
2866,2
2867,1
2868,Q
2869,5
2870,Z
2871,B
2872,K
2873,I
2874,O
2875,V
2876,5
2877,B
2878,C
2879,K
2880,2
2881,F
2882,M
2883,7
2884,Z
2885,V
2886,T
2887,K
2888,E
2889,6
2890,O
2891,K
2892,8
2893,Z
2894,O
2895,Z
2896,O
2897,0
2898,V
2899,D
2900,F
2901,C
2902,O
2903,2
2904,F
2905,0
2906,O
2907,6
2908,N
2909,R
2910,I
2911,O
2912,E
2913,O
2914,E
2915,V
2916,M
2917,Z
2918,8
2919,V
2920,2
2921,F
2922,Z
2923,D
2924,O
2925,G
2926,Z
2927,V
2928,O
2929,E
2930,N
2931,8
2932,8
2933,9
2934,4
2935,D
2936,F
2937,6
2938,0
2939,V
2940,Z
2941,0
2942,B
2943,6
2944,V
2945,3
2946,K
2947,B
2948,O
2949,0
2950,P
2951,Z
2952,4
2953,V
2954,4
2955,V
2956,O
2957,N
2958,4
2959,Z
2960,Z
2961,0
2962,R
2963,Z
2964,0
2965,0
2966,F
2967,0
2968,9
2969,Z
2970,U
2971,6
2972,6
2973,5
2974,7
2975,K
2976,0
2977,R
2978,Q
2979,4
2980,R
2981,Z
2982,N
2983,V
2984,N
2985,E
2986,0
2987,3
2988,G
2989,6
2990,Z
2991,Q
2992,4
2993,K
2994,D
2995,A
2996,D
2997,3
2998,4
2999,N
3000,E
3001,J
3002,Z
3003,Z
3004,Z
3005,M
3006,6
3007,V
3008,9
3009,0
3010,D
3011,N
3012,3
3013,8
3014,V
3015,O
3016,Z
3017,C
3018,0
3019,3
3020,2
3021,V
3022,K
3023,V
3024,N
3025,B
3026,8
3027,Z
3028,0
3029,R
3030,2
3031,8
3032,B
3033,B
3034,E
3035,K
3036,F
3037,6
3038,7
3039,B
3040,V
3041,5
3042,0
3043,Z
3044,W
3045,A
3046,0
3047,8
3048,9
3049,9
3050,0
3051,N
3052,V
3053,4
3054,J
3055,N
3056,N
3057,3
3058,Z
3059,N
3060,0
3061,N
3062,Q
3063,M
3064,L
3065,9
3066,6
3067,M
3068,V
3069,C
3070,D
3071,L
3072,7
3073,9
3074,O
3075,0
3076,N
3077,Z
3078,0
3079,4
3080,0
3081,J
3082,P
3083,9
3084,2
3085,V
3086,0
3087,N
3088,Z
3089,F
3090,V
3091,D
3092,Z
3093,N
3094,V
3095,R
3096,R
3097,4
3098,4
3099,O
3100,I
3101,M
3102,G
3103,D
3104,R
3105,Z
3106,I
3107,R
3108,0
3109,O
3110,P
3111,I
3112,M
3113,D
3114,O
3115,O
3116,Z
3117,R
3118,F
3119,H
3120,B
3121,P
3122,I
3123,R
3124,3
3125,M
3126,9
3127,5
3128,O
3129,V
3130,2
3131,0
3132,N
3133,Z
3134,K
3135,D
3136,0
3137,B
3138,C
3139,0
3140,D
3141,M
3142,B
3143,D
3144,D
3145,E
3146,8
3147,V
3148,R
3149,J
3150,K
3151,6
3152,B
3153,8
3154,O
3155,G
3156,2
3157,M
3158,0
3159,Z
3160,J
3161,2
3162,0
3163,6
3164,B
3165,8
3166,1
3167,9
3168,V
3169,P
3170,O
3171,L
3172,D
3173,0
3174,L
3175,N
3176,G
3177,E
3178,0
3179,M
3180,B
3181,8
3182,K
3183,K
3184,2
3185,K
3186,G
3187,R
3188,M
3189,L
3190,7
3191,E
3192,0
3193,5
3194,9
3195,D
3196,O
3197,0
3198,1
3199,3
3200,V
3201,C
3202,J
3203,C
3204,0
3205,0
3206,R
3207,V
3208,6
3209,B
3210,D
3211,0
3212,N
3213,O
3214,Z
3215,I
3216,7
3217,I
3218,9
3219,N
3220,E
3221,0
3222,Q
3223,6
3224,V
3225,C
3226,R
3227,2
3228,F
3229,N
3230,N
3231,H
3232,D
3233,O
3234,0
3235,K
3236,M
3237,Q
3238,E
3239,D
3240,N
3241,0
3242,7
3243,D
3244,E
3245,G
3246,B
3247,B
3248,7
3249,B
3250,O
3251,V
3252,C
3253,N
3254,V
3255,U
3256,2
3257,5
3258,C
3259,6
3260,S
3261,3
3262,3
3263,T
3264,4
3265,F
3266,V
3267,9
3268,9
3269,G
3270,O
3271,V
3272,B
3273,3
3274,V
3275,J
3276,P
3277,N
3278,7
3279,Z
3280,K
3281,N
3282,G
3283,E
3284,M
3285,9
3286,8
3287,1
3288,M
3289,N
3290,E
3291,K
3292,Z
3293,O
3294,8
3295,H
3296,F
3297,K
3298,7
3299,D
3300,L
3301,F
3302,4
3303,B
3304,N
3305,8
3306,V
3307,0
3308,6
3309,I
3310,V
3311,V
3312,D
3313,B
3314,F
3315,K
3316,V
3317,F
3318,B
3319,V
3320,Z
3321,Z
3322,T
3323,0
3324,J
3325,N
3326,V
3327,2
3328,D
3329,6
3330,2
3331,0
3332,1
3333,I
3334,9
3335,V
3336,G
3337,N
3338,6
3339,1
3340,Q
3341,8
3342,K
3343,V
3344,O
3345,D
3346,5
3347,F
3348,5
3349,5
3350,0
3351,H
3352,K
3353,B
3354,0
3355,6
3356,Z
3357,Z
3358,0
3359,L
3360,Z
3361,B
3362,Q
3363,N
3364,9
3365,0
3366,I
3367,B
3368,V
3369,M
3370,G
3371,0
3372,4
3373,O
3374,6
3375,L
3376,K
3377,J
3378,M
3379,4
3380,2
3381,0
3382,P
3383,2
3384,8
3385,Z
3386,5
3387,D
3388,F
3389,V
3390,Z
3391,5
3392,C
3393,F
3394,C
3395,Z
3396,Z
3397,B
3398,U
3399,0
3400,8
3401,N
3402,B
3403,O
3404,5
3405,Z
3406,8
3407,I
3408,F
3409,F
3410,U
3411,B
3412,D
3413,3
3414,F
3415,6
3416,6
3417,H
3418,E
3419,9
3420,D
3421,O
3422,E
3423,P
3424,1
3425,I
3426,3
3427,H
3428,V
3429,O
3430,Z
3431,1
3432,J
3433,0
3434,E
3435,O
3436,E
3437,2
3438,E
3439,5
3440,0
3441,0
3442,L
3443,H
3444,0
3445,0
3446,D
3447,V
3448,I
3449,0
3450,I
3451,5
3452,O
3453,V
3454,0
3455,9
3456,3
3457,9
3458,J
3459,V
3460,3
3461,O
3462,O
3463,I
3464,I
3465,Z
3466,Z
3467,4
3468,E
3469,0
3470,I
3471,N
3472,8
3473,3
3474,6
3475,Q
3476,0
3477,K
3478,Z
3479,0
3480,N
3481,0
3482,L
3483,N
3484,V
3485,O
3486,6
3487,M
3488,O
3489,9
3490,I
3491,6
3492,D
3493,0
3494,C
3495,M
3496,O
3497,K
3498,5
3499,4
3500,3
3501,R
3502,V
3503,K
3504,Z
3505,J
3506,Z
3507,2
3508,1
3509,9
3510,6
3511,1
3512,9
3513,2
3514,D
3515,7
3516,V
3517,C
3518,3
3519,N
3520,1
3521,4
3522,0
3523,K
3524,R
3525,B
3526,0
3527,Z
3528,0
3529,E
3530,M
3531,R
3532,8
3533,8
3534,C
3535,Z
3536,M
3537,Y
3538,M
3539,R
3540,1
3541,9
3542,P
3543,U
3544,6
3545,B
3546,V
3547,G
3548,I
3549,X
3550,E
3551,K
3552,O
3553,E
3554,L
3555,0
3556,E
3557,O
3558,N
3559,6
3560,R
3561,Y
3562,8
3563,O
3564,D
3565,I
3566,E
3567,7
3568,K
3569,O
3570,O
3571,Q
3572,0
3573,D
3574,G
3575,F
3576,Z
3577,E
3578,O
3579,I
3580,N
3581,B
3582,E
3583,F
3584,3
3585,O
3586,C
3587,K
3588,5
3589,R
3590,A
3591,N
3592,O
3593,Y
3594,L
3595,0
3596,V
3597,K
3598,K
3599,F
3600,Z
3601,J
3602,K
3603,E
3604,2
3605,5
3606,D
3607,B
3608,4
3609,I
3610,0
3611,F
3612,1
3613,B
3614,C
3615,I
3616,R
3617,0
3618,S
3619,O
3620,E
3621,9
3622,B
3623,5
3624,B
3625,D
3626,K
3627,0
3628,F
3629,R
3630,N
3631,K
3632,C
3633,G
3634,B
3635,V
3636,R
3637,7
3638,5
3639,L
3640,K
3641,E
3642,O
3643,O
3644,4
3645,O
3646,D
3647,J
3648,0
3649,V
3650,V
3651,Z
3652,V
3653,P
3654,B
3655,B
3656,V
3657,K
3658,V
3659,N
3660,4
3661,0
3662,0
3663,2
3664,D
3665,9
3666,R
3667,Q
3668,F
3669,F
3670,V
3671,Z
3672,K
3673,E
3674,Z
3675,0
3676,W
3677,O
3678,B
3679,1
3680,E
3681,D
3682,0
3683,O
3684,Z
3685,K
3686,O
3687,B
3688,2
3689,1
3690,0
3691,Z
3692,D
3693,8
3694,5
3695,Z
3696,0
3697,K
3698,M
3699,6
3700,H
3701,O
3702,O
3703,3
3704,V
3705,D
3706,0
3707,C
3708,V
3709,O
3710,S
3711,Z
3712,K
3713,0
3714,Z
3715,D
3716,4
3717,0
3718,G
3719,0
3720,3
3721,M
3722,4
3723,2
3724,Z
3725,2
3726,5
3727,7
3728,9
3729,B
3730,2
3731,6
3732,0
3733,B
3734,H
3735,Z
3736,F
3737,M
3738,4
3739,9
3740,6
3741,0
3742,V
3743,Z
3744,G
3745,H
3746,Z
3747,K
3748,L
3749,G
3750,K
3751,N
3752,Z
3753,2
3754,I
3755,F
3756,E
3757,0
3758,8
3759,0
3760,Q
3761,R
3762,3
3763,2
3764,6
3765,E
3766,M
3767,0
3768,W
3769,Z
3770,Z
3771,K
3772,G
3773,B
3774,O
3775,R
3776,8
3777,0
3778,4
3779,8
3780,Z
3781,2
3782,9
3783,7
3784,N
3785,0
3786,E
3787,O
3788,I
3789,9
3790,1
3791,N
3792,3
3793,2
3794,2
3795,7
3796,2
3797,9
3798,I
3799,E
3800,I
3801,J
3802,0
3803,O
3804,2
3805,V
3806,I
3807,Z
3808,0
3809,6
3810,4
3811,4
3812,O
3813,Z
3814,H
3815,K
3816,1
3817,1
3818,O
3819,Z
3820,H
3821,E
3822,Z
3823,N
3824,1
3825,Z
3826,G
3827,Z
3828,K
3829,6
3830,8
3831,Z
3832,7
3833,I
3834,K
3835,O
3836,Z
3837,Z
3838,N
3839,Z
3840,E
3841,K
3842,L
3843,7
3844,7
3845,B
3846,2
3847,M
3848,A
3849,6
3850,D
3851,B
3852,F
3853,K
3854,0
3855,M
3856,9
3857,3
3858,F
3859,O
3860,0
3861,8
3862,B
3863,M
3864,E
3865,Z
3866,5
3867,B
3868,R
3869,P
3870,E
3871,Y
3872,V
3873,Z
3874,D
3875,V
3876,6
3877,Z
3878,M
3879,0
3880,5
3881,9
3882,O
3883,G
3884,L
3885,B
3886,3
3887,6
3888,8
3889,Y
3890,V
3891,N
3892,E
3893,J
3894,S
3895,P
3896,2
3897,F
3898,2
3899,9
3900,D
3901,M
3902,6
3903,L
3904,F
3905,G
3906,G
3907,V
3908,I
3909,1
3910,2
3911,J
3912,N
3913,0
3914,I
3915,N
3916,E
3917,Z
3918,3
3919,E
3920,5
3921,E
3922,Z
3923,K
3924,3
3925,N
3926,5
3927,Y
3928,H
3929,O
3930,V
3931,1
3932,E
3933,O
3934,0
3935,T
3936,C
3937,F
3938,O
3939,6
3940,Z
3941,4
3942,F
3943,N
3944,V
3945,O
3946,O
3947,Z
3948,3
3949,V
3950,0
3951,C
3952,0
3953,Z
3954,0
3955,3
3956,0
3957,G
3958,V
3959,N
3960,O
3961,6
3962,B
3963,B
3964,R
3965,N
3966,B
3967,T
3968,8
3969,6
3970,E
3971,D
3972,9
3973,O
3974,6
3975,8
3976,B
3977,6
3978,N
3979,M
3980,I
3981,V
3982,Q
3983,K
3984,E
3985,D
3986,O
3987,B
3988,V
3989,O
3990,4
3991,O
3992,Z
3993,J
3994,F
3995,D
3996,3
3997,J
3998,V
3999,Z
4000,G
4001,F
4002,L
4003,F
4004,Z
4005,O
4006,M
4007,1
4008,0
4009,2
4010,O
4011,F
4012,4
4013,Z
4014,F
4015,M
4016,O
4017,5
4018,5
4019,7
4020,4
4021,I
4022,O
4023,8
4024,8
4025,9
4026,6
4027,Z
4028,9
4029,0
4030,D
4031,N
4032,V
4033,1
4034,E
4035,Z
4036,Q
4037,7
4038,L
4039,T
4040,B
4041,8
4042,6
4043,Z
4044,K
4045,R
4046,4
4047,G
4048,M
4049,Z
4050,Z
4051,0
4052,E
4053,Z
4054,N
4055,Z
4056,7
4057,6
4058,Z
4059,D
4060,2
4061,M
4062,U
4063,G
4064,0
4065,1
4066,5
4067,4
4068,F
4069,0
4070,V
4071,K
4072,G
4073,P
4074,K
4075,0
4076,5
4077,V
4078,M
4079,V
4080,I
4081,5
4082,4
4083,B
4084,G
4085,E
4086,K
4087,1
4088,O
4089,I
4090,D
4091,9
4092,B
4093,V
4094,D
4095,E
4096,Z
4097,M
4098,3
4099,D
4100,Z
4101,N
4102,O
4103,R
4104,D
4105,Z
4106,V
4107,O
4108,B
4109,N
4110,V
4111,E
4112,D
4113,B
4114,F
4115,V
4116,C
4117,N
4118,Z
4119,K
4120,4
4121,J
4122,Z
4123,4
4124,3
4125,E
4126,R
4127,3
4128,V
4129,O
4130,M
4131,2
4132,E
4133,4
4134,0
4135,C
4136,I
4137,N
4138,V
4139,0
4140,B
4141,9
4142,R
4143,E
4144,Z
4145,O
4146,5
4147,0
4148,E
4149,K
4150,O
4151,N
4152,9
4153,V
4154,B
4155,K
4156,Z
4157,4
4158,V
4159,I
4160,Z
4161,1
4162,V
4163,K
4164,O
4165,Z
4166,Z
4167,O
4168,Z
4169,D
4170,Z
4171,B
4172,E
4173,V
4174,F
4175,2
4176,V
4177,E
4178,V
4179,G
4180,G
4181,D
4182,I
4183,8
4184,O
4185,J
4186,3
4187,X
4188,5
4189,0
4190,L
4191,0
4192,G
4193,C
4194,0
4195,G
4196,3
4197,4
4198,Z
4199,D
4200,Q
4201,O
4202,A
4203,O
4204,B
4205,O
4206,E
4207,F
4208,Z
4209,E
4210,V
4211,0
4212,P
4213,D
4214,V
4215,I
4216,5
4217,G
4218,V
4219,N
4220,2
4221,9
4222,4
4223,J
4224,4
4225,I
4226,K
4227,0
4228,6
4229,7
4230,1
4231,M
4232,V
4233,0
4234,9
4235,F
4236,R
4237,R
4238,N
4239,B
4240,B
4241,C
4242,Y
4243,Z
4244,8
4245,Z
4246,M
4247,Z
4248,V
4249,F
4250,Z
4251,0
4252,9
4253,I
4254,R
4255,Z
4256,N
4257,E
4258,4
4259,I
4260,9
4261,H
4262,9
4263,C
4264,0
4265,E
4266,3
4267,K
4268,O
4269,T
4270,P
4271,N
4272,V
4273,D
4274,Z
4275,1
4276,4
4277,Z
4278,R
4279,9
4280,M
4281,1
4282,5
4283,F
4284,B
4285,8
4286,T
4287,3
4288,0
4289,1
4290,V
4291,0
4292,I
4293,B
4294,G
4295,I
4296,V
4297,E
4298,E
4299,V
4300,9
4301,7
4302,G
4303,2
4304,O
4305,2
4306,0
4307,2
4308,8
4309,K
4310,5
4311,0
4312,2
4313,C
4314,I
4315,N
4316,J
4317,3
4318,Z
4319,Y
4320,N
4321,C
4322,6
4323,Z
4324,L
4325,B
4326,V
4327,5
4328,I
4329,I
4330,D
4331,2
4332,N
4333,5
4334,N
4335,9
4336,Z
4337,D
4338,0
4339,N
4340,9
4341,6
4342,4
4343,O
4344,O
4345,0
4346,R
4347,K
4348,9
4349,J
4350,3
4351,0
4352,Z
4353,K
4354,C
4355,B
4356,3
4357,R
4358,1
4359,G
4360,Z
4361,D
4362,3
4363,3
4364,3
4365,Z
4366,6
4367,C
4368,5
4369,5
4370,K
4371,9
4372,9
4373,E
4374,K
4375,D
4376,0
4377,G
4378,I
4379,E
4380,Q
4381,0
4382,K
4383,O
4384,Y
4385,Z
4386,8
4387,Z
4388,V
4389,0
4390,I
4391,9
4392,8
4393,9
4394,V
4395,Z
4396,M
4397,N
4398,R
4399,B
4400,I
4401,O
4402,2
4403,W
4404,0
4405,R
4406,Z
4407,0
4408,6
4409,0
4410,3
4411,0
4412,Z
4413,P
4414,3
4415,Z
4416,9
4417,I
4418,B
4419,0
4420,0
4421,N
4422,K
4423,7
4424,6
4425,Z
4426,9
4427,B
4428,0
4429,O
4430,V
4431,Z
4432,K
4433,5
4434,F
4435,0
4436,Z
4437,F
4438,H
4439,V
4440,I
4441,V
4442,R
4443,V
4444,L
4445,0
4446,0
4447,G
4448,G
4449,O
4450,Z
4451,9
4452,E
4453,Z
4454,E
4455,K
4456,E
4457,2
4458,B
4459,G
4460,9
4461,M
4462,C
4463,1
4464,0
4465,Z
4466,0
4467,Z
4468,O
4469,K
4470,B
4471,Z
4472,F
4473,I
4474,O
4475,Z
4476,8
4477,2
4478,9
4479,B
4480,2
4481,F
4482,V
4483,7
4484,G
4485,2
4486,B
4487,N
4488,J
4489,F
4490,8
4491,2
4492,N
4493,F
4494,0
4495,1
4496,M
4497,I
4498,V
4499,B
4500,5
4501,D
4502,5
4503,B
4504,G
4505,N
4506,Z
4507,8
4508,D
4509,V
4510,E
4511,F
4512,2
4513,5
4514,7
4515,3
4516,D
4517,0
4518,E
4519,5
4520,M
4521,R
4522,D
4523,V
4524,0
4525,B
4526,G
4527,E
4528,V
4529,G
4530,0
4531,0
4532,C
4533,9
4534,R
4535,O
4536,0
4537,Z
4538,N
4539,M
4540,K
4541,G
4542,4
4543,V
4544,F
4545,4
4546,3
4547,3
4548,D
4549,I
4550,E
4551,B
4552,L
4553,0
4554,T
4555,0
4556,O
4557,Z
4558,Z
4559,1
4560,4
4561,O
4562,S
4563,N
4564,E
4565,2
4566,G
4567,D
4568,0
4569,E
4570,6
4571,9
4572,Z
4573,A
4574,D
4575,J
4576,J
4577,F
4578,4
4579,8
4580,J
4581,F
4582,Z
4583,0
4584,5
4585,3
4586,6
4587,N
4588,V
4589,E
4590,9
4591,J
4592,3
4593,0
4594,E
4595,F
4596,Z
4597,B
4598,V
4599,O
4600,N
4601,N
4602,O
4603,J
4604,K
4605,Z
4606,E
4607,P
4608,R
4609,B
4610,B
4611,H
4612,O
4613,V
4614,L
4615,Z
4616,S
4617,F
4618,1
4619,Z
4620,V
4621,9
4622,I
4623,4
4624,V
4625,D
4626,0
4627,F
4628,6
4629,F
4630,0
4631,2
4632,2
4633,B
4634,N
4635,V
4636,C
4637,I
4638,D
4639,2
4640,V
4641,3
4642,G
4643,9
4644,0
4645,0
4646,4
4647,O
4648,K
4649,Z
4650,I
4651,U
4652,N
4653,Z
4654,Q
4655,K
4656,K
4657,0
4658,9
4659,M
4660,2
4661,E
4662,3
4663,V
4664,3
4665,V
4666,K
4667,0
4668,F
4669,V
4670,4
4671,7
4672,9
4673,I
4674,C
4675,4
4676,Q
4677,K
4678,0
4679,V
4680,V
4681,4
4682,Z
4683,P
4684,0
4685,3
4686,V
4687,N
4688,Z
4689,N
4690,M
4691,Z
4692,0
4693,V
4694,K
4695,B
4696,F
4697,I
4698,Z
4699,3
4700,R
4701,D
4702,Z
4703,K
4704,J
4705,U
4706,F
4707,0
4708,G
4709,B
4710,V
4711,K
4712,J
4713,0
4714,O
4715,K
4716,2
4717,O
4718,O
4719,0
4720,J
4721,M
4722,S
4723,I
4724,T
4725,F
4726,N
4727,G
4728,I
4729,O
4730,0
4731,M
4732,0
4733,F
4734,N
4735,M
4736,M
4737,0
4738,3
4739,P
4740,B
4741,J
4742,Z
4743,Q
4744,4
4745,E
4746,3
4747,7
4748,Z
4749,O
4750,0
4751,9
4752,K
4753,2
4754,V
4755,3
4756,K
4757,P
4758,E
4759,N
4760,B
4761,9
4762,Z
4763,7
4764,K
4765,D
4766,0
4767,O
4768,P
4769,H
4770,0
4771,V
4772,7
4773,R
4774,O
4775,R
4776,4
4777,8
4778,L
4779,D
4780,0
4781,V
4782,9
4783,D
4784,C
4785,4
4786,V
4787,8
4788,Z
4789,V
4790,R
4791,2
4792,3
4793,Z
4794,K
4795,B
4796,7
4797,O
4798,Q
4799,N
4800,8
4801,3
4802,O
4803,B
4804,Z
4805,0
4806,7
4807,D
4808,F
4809,I
4810,3
4811,B
4812,6
4813,K
4814,F
4815,D
4816,N
4817,O
4818,F
4819,5
4820,O
4821,8
4822,Z
4823,V
4824,M
4825,V
4826,2
4827,0
4828,D
4829,O
4830,7
4831,0
4832,2
4833,R
4834,V
4835,Q
4836,B
4837,E
4838,B
4839,E
4840,B
4841,5
4842,R
4843,8
4844,P
4845,O
4846,R
4847,F
4848,Y
4849,D
4850,H
4851,H
4852,O
4853,P
4854,I
4855,F
4856,G
4857,O
4858,M
4859,Z
4860,V
4861,Z
4862,I
4863,0
4864,K
4865,0
4866,Z
4867,I
4868,Z
4869,N
4870,G
4871,K
4872,R
4873,I
4874,V
4875,6
4876,6
4877,G
4878,O
4879,T
4880,3
4881,7
4882,0
4883,O
4884,I
4885,I
4886,V
4887,0
4888,5
4889,E
4890,Z
4891,V
4892,G
4893,L
4894,K
4895,3
4896,R
4897,N
4898,0
4899,8
4900,0
4901,N
4902,V
4903,B
4904,Z
4905,V
4906,4
4907,B
4908,3
4909,F
4910,3
4911,O
4912,8
4913,3
4914,7
4915,6
4916,K
4917,I
4918,0
4919,V
4920,8
4921,C
4922,8
4923,C
4924,9
4925,0
4926,B
4927,K
4928,P
4929,3
4930,2
4931,3
4932,6
4933,H
4934,G
4935,N
4936,E
4937,Z
4938,N
4939,A
4940,O
4941,Z
4942,B
4943,V
4944,O
4945,N
4946,3
4947,H
4948,Z
4949,9
4950,F
4951,G
4952,0
4953,D
4954,0
4955,O
4956,6
4957,0
4958,E
4959,2
4960,O
4961,Z
4962,L
4963,R
4964,8
4965,Z
4966,0
4967,0
4968,K
4969,2
4970,D
4971,K
4972,5
4973,P
4974,O
4975,6
4976,N
4977,I
4978,D
4979,0
4980,J
4981,7
4982,F
4983,0
4984,K
4985,K
4986,K
4987,7
4988,C
4989,3
4990,0
4991,A
4992,2
4993,H
4994,N
4995,B
4996,9
4997,F
4998,E
4999,6
5000,Z
5001,V
5002,Z
5003,M
5004,0
5005,U
5006,O
5007,6
5008,0
5009,G
5010,E
5011,Z
5012,I
5013,N
5014,B
5015,0
5016,M
5017,V
5018,M
5019,6
5020,K
5021,5
5022,R
5023,N
5024,V
5025,N
5026,2
5027,T
5028,K
5029,T
5030,I
5031,1
5032,G
5033,7
5034,O
5035,F
5036,Z
5037,V
5038,K
5039,5
5040,H
5041,2
5042,0
5043,Q
5044,0
5045,V
5046,6
5047,3
5048,4
5049,0
5050,V
5051,D
5052,H
5053,O
5054,1
5055,O
5056,N
5057,O
5058,D
5059,R
5060,E
5061,4
5062,V
5063,3
5064,2
5065,2
5066,K
5067,Z
5068,T
5069,2
5070,D
5071,O
5072,I
5073,E
5074,I
5075,4
5076,D
5077,I
5078,0
5079,0
5080,0
5081,J
5082,Z
5083,D
5084,N
5085,8
5086,J
5087,5
5088,B
5089,E
5090,0
5091,V
5092,Q
5093,O
5094,7
5095,I
5096,9
5097,Q
5098,1
5099,Z
5100,6
5101,Z
5102,B
5103,5
5104,B
5105,C
5106,3
5107,6
5108,P
5109,O
5110,E
5111,V
5112,4
5113,V
5114,K
5115,H
5116,4
5117,V
5118,2
5119,J
5120,D
5121,N
5122,V
5123,B
5124,3
5125,B
5126,8
5127,Z
5128,I
5129,B
5130,2
5131,7
5132,N
5133,M
5134,Z
5135,0
5136,B
5137,O
5138,0
5139,V
5140,K
5141,Q
5142,7
5143,B
5144,0
5145,3
5146,Z
5147,Z
5148,V
5149,N
5150,E
5151,G
5152,C
5153,N
5154,U
5155,4
5156,Z
5157,V
5158,3
5159,B
5160,R
5161,C
5162,0
5163,B
5164,E
5165,K
5166,O
5167,E
5168,G
5169,D
5170,B
5171,V
5172,B
5173,V
5174,0
5175,0
5176,O
5177,0
5178,V
5179,E
5180,6
5181,0
5182,V
5183,D
5184,E
5185,J
5186,V
5187,8
5188,1
5189,6
5190,K
5191,Z
5192,B
5193,F
5194,0
5195,4
5196,Z
5197,V
5198,V
5199,J
5200,2
5201,Z
5202,8
5203,0
5204,K
5205,1
5206,6
5207,O
5208,J
5209,9
5210,D
5211,F
5212,H
5213,7
5214,2
5215,Z
5216,Z
5217,5
5218,V
5219,F
5220,E
5221,0
5222,K
5223,N
5224,2
5225,9
5226,F
5227,V
5228,I
5229,0
5230,6
5231,0
5232,E
5233,V
5234,5
5235,V
5236,0
5237,V
5238,0
5239,M
5240,K
5241,N
5242,J
5243,C
5244,V
5245,N
5246,7
5247,1
5248,9
5249,0
5250,6
5251,N
5252,M
5253,K
5254,N
5255,R
5256,F
5257,B
5258,F
5259,G
5260,0
5261,0
5262,S
5263,3
5264,N
5265,9
5266,B
5267,B
5268,E
5269,I
5270,Z
5271,3
5272,K
5273,6
5274,F
5275,0
5276,N
5277,6
5278,G
5279,V
5280,E
5281,Z
5282,K
5283,Z
5284,Z
5285,K
5286,J
5287,8
5288,2
5289,B
5290,O
5291,O
5292,V
5293,B
5294,2
5295,J
5296,Z
5297,5
5298,0
5299,8
5300,B
5301,7
5302,2
5303,R
5304,Z
5305,O
5306,K
5307,V
5308,D
5309,9
5310,V
5311,Z
5312,2
5313,K
5314,6
5315,K
5316,L
5317,0
5318,B
5319,0
5320,F
5321,D
5322,E
5323,Z
5324,5
5325,2
5326,R
5327,A
5328,6
5329,K
5330,V
5331,N
5332,4
5333,2
5334,Z
5335,N
5336,D
5337,H
5338,O
5339,I
5340,Z
5341,K
5342,O
5343,0
5344,0
5345,D
5346,0
5347,Z
5348,R
5349,B
5350,O
5351,B
5352,7
5353,I
5354,P
5355,R
5356,V
5357,V
5358,Z
5359,L
5360,G
5361,7
5362,V
5363,O
5364,G
5365,4
5366,N
5367,Z
5368,5
5369,Z
5370,I
5371,M
5372,Z
5373,K
5374,8
5375,U
5376,F
5377,8
5378,0
5379,M
5380,4
5381,T
5382,B
5383,0
5384,I
5385,I
5386,E
5387,9
5388,I
5389,N
5390,E
5391,F
5392,Z
5393,I
5394,E
5395,S
5396,9
5397,D
5398,O
5399,D
5400,B
5401,K
5402,9
5403,N
5404,V
5405,R
5406,Z
5407,9
5408,6
5409,J
5410,3
5411,0
5412,Z
5413,M
5414,4
5415,9
5416,D
5417,9
5418,B
5419,O
5420,D
5421,D
5422,O
5423,D
5424,6
5425,Q
5426,6
5427,E
5428,C
5429,D
5430,9
5431,0
5432,B
5433,V
5434,D
5435,G
5436,M
5437,R
5438,5
5439,E
5440,K
5441,8
5442,6
5443,O
5444,Z
5445,4
5446,3
5447,5
5448,6
5449,O
5450,0
5451,I
5452,K
5453,D
5454,5
5455,O
5456,0
5457,0
5458,P
5459,8
5460,D
5461,V
5462,H
5463,H
5464,N
5465,J
5466,M
5467,O
5468,V
5469,O
5470,Z
5471,M
5472,V
5473,M
5474,N
5475,0
5476,R
5477,O
5478,B
5479,V
5480,6
5481,C
5482,M
5483,D
5484,M
5485,M
5486,F
5487,L
5488,B
5489,9
5490,Z
5491,V
5492,N
5493,O
5494,O
5495,N
5496,6
5497,Z
5498,E
5499,5
5500,6
5501,8
5502,G
5503,5
5504,3
5505,V
5506,Z
5507,O
5508,G
5509,V
5510,N
5511,4
5512,V
5513,9
5514,L
5515,B
5516,O
5517,V
5518,F
5519,9
5520,3
5521,I
5522,O
5523,O
5524,E
5525,V
5526,9
5527,E
5528,O
5529,E
5530,E
5531,4
5532,Z
5533,F
5534,D
5535,F
5536,J
5537,0
5538,D
5539,O
5540,U
5541,E
5542,S
5543,G
5544,B
5545,H
5546,O
5547,5
5548,B
5549,Z
5550,F
5551,O
5552,Z
5553,I
5554,Z
5555,4
5556,0
5557,V
5558,2
5559,D
5560,D
5561,P
5562,D
5563,5
5564,8
5565,0
5566,Z
5567,B
5568,N
5569,0
5570,7
5571,N
5572,Z
5573,D
5574,0
5575,G
5576,V
5577,8
5578,Z
5579,G
5580,K
5581,E
5582,F
5583,9
5584,G
5585,B
5586,O
5587,7
5588,Q
5589,R
5590,V
5591,E
5592,B
5593,6
5594,S
5595,D
5596,5
5597,B
5598,Z
5599,N
5600,2
5601,I
5602,D
5603,8
5604,6
5605,N
5606,L
5607,8
5608,Z
5609,2
5610,D
5611,0
5612,I
5613,O
5614,D
5615,3
5616,E
5617,0
5618,4
5619,F
5620,N
5621,K
5622,8
5623,O
5624,O
5625,C
5626,O
5627,0
5628,0
5629,Z
5630,6
5631,Z
5632,I
5633,P
5634,E
5635,B
5636,K
5637,N
5638,D
5639,M
5640,G
5641,P
5642,0
5643,E
5644,4
5645,5
5646,I
5647,N
5648,0
5649,O
5650,I
5651,B
5652,0
5653,O
5654,N
5655,V
5656,9
5657,M
5658,E
5659,H
5660,0
5661,T
5662,Z
5663,G
5664,F
5665,C
5666,I
5667,D
5668,R
5669,3
5670,7
5671,V
5672,6
5673,K
5674,6
5675,A
5676,I
5677,0
5678,N
5679,8
5680,0
5681,O
5682,C
5683,F
5684,J
5685,C
5686,V
5687,V
5688,E
5689,E
5690,V
5691,Z
5692,0
5693,B
5694,V
5695,B
5696,B
5697,3
5698,I
5699,K
5700,0
5701,D
5702,1
5703,V
5704,E
5705,0
5706,7
5707,4
5708,E
5709,9
5710,D
5711,D
5712,N
5713,D
5714,N
5715,2
5716,2
5717,I
5718,1
5719,E
5720,6
5721,Z
5722,6
5723,H
5724,0
5725,N
5726,I
5727,I
5728,6
5729,N
5730,O
5731,6
5732,V
5733,B
5734,K
5735,B
5736,I
5737,5
5738,E
5739,O
5740,3
5741,L
5742,3
5743,0
5744,D
5745,V
5746,B
5747,K
5748,3
5749,O
5750,8
5751,3
5752,S
5753,O
5754,9
5755,T
5756,0
5757,Z
5758,D
5759,R
5760,N
5761,D
5762,C
5763,I
5764,N
5765,B
5766,0
5767,O
5768,B
5769,K
5770,N
5771,J
5772,3
5773,B
5774,N
5775,7
5776,O
5777,Z
5778,U
5779,L
5780,C
5781,8
5782,V
5783,V
5784,M
5785,H
5786,O
5787,3
5788,6
5789,O
5790,J
5791,O
5792,G
5793,7
5794,8
5795,F
5796,S
5797,K
5798,2
5799,R
5800,F
5801,7
5802,B
5803,D
5804,4
5805,Q
5806,5
5807,V
5808,2
5809,L
5810,I
5811,B
5812,R
5813,M
5814,F
5815,N
5816,0
5817,V
5818,O
5819,R
5820,9
5821,K
5822,0
5823,2
5824,I
5825,V
5826,2
5827,5
5828,Z
5829,L
5830,0
5831,6
5832,1
5833,O
5834,O
5835,R
5836,K
5837,M
5838,0
5839,Z
5840,K
5841,6
5842,D
5843,9
5844,E
5845,2
5846,O
5847,N
5848,M
5849,R
5850,O
5851,B
5852,Z
5853,E
5854,J
5855,F
5856,D
5857,1
5858,4
5859,9
5860,V
5861,0
5862,0
5863,P
5864,4
5865,I
5866,G
5867,N
5868,9
5869,4
5870,V
5871,2
5872,V
5873,0
5874,J
5875,G
5876,E
5877,9
5878,Z
5879,F
5880,E
5881,3
5882,R
5883,E
5884,3
5885,V
5886,O
5887,9
5888,L
5889,N
5890,D
5891,V
5892,V
5893,P
5894,2
5895,Z
5896,7
5897,5
5898,D
5899,1
5900,N
5901,6
5902,S
5903,R
5904,D
5905,M
5906,G
5907,K
5908,E
5909,6
5910,0
5911,2
5912,1
5913,B
5914,0
5915,6
5916,E
5917,0
5918,0
5919,G
5920,N
5921,E
5922,G
5923,Z
5924,3
5925,0
5926,9
5927,M
5928,0
5929,G
5930,U
5931,8
5932,J
5933,9
5934,M
5935,C
5936,O
5937,3
5938,V
5939,S
5940,3
5941,0
5942,H
5943,5
5944,O
5945,Z
5946,E
5947,Z
5948,9
5949,2
5950,0
5951,2
5952,G
5953,I
5954,E
5955,7
5956,K
5957,Z
5958,J
5959,Z
5960,0
5961,Z
5962,R
5963,9
5964,D
5965,6
5966,0
5967,E
5968,J
5969,9
5970,H
5971,I
5972,Z
5973,V
5974,P
5975,K
5976,2
5977,R
5978,N
5979,1
5980,N
5981,9
5982,0
5983,K
5984,V
5985,2
5986,F
5987,D
5988,V
5989,K
5990,V
5991,I
5992,O
5993,1
5994,Z
5995,6
5996,3
5997,F
5998,V
5999,E
6000,B
6001,D
6002,M
6003,H
6004,M
6005,P
6006,3
6007,B
6008,J
6009,O
6010,2
6011,V
6012,Z
6013,H
6014,4
6015,F
6016,J
6017,2
6018,O
6019,3
6020,8
6021,Z
6022,Z
6023,7
6024,J
6025,Z
6026,E
6027,9
6028,J
6029,B
6030,U
6031,C
6032,8
6033,V
6034,0
6035,H
6036,9
6037,7
6038,Z
6039,K
6040,M
6041,U
6042,6
6043,S
6044,0
6045,A
6046,0
6047,Z
6048,V
6049,V
6050,6
6051,Z
6052,D
6053,0
6054,P
6055,0
6056,Z
6057,N
6058,9
6059,0
6060,0
6061,4
6062,D
6063,Z
6064,G
6065,9
6066,2
6067,O
6068,5
6069,4
6070,V
6071,O
6072,F
6073,E
6074,0
6075,Z
6076,Q
6077,I
6078,8
6079,O
6080,I
6081,B
6082,O
6083,V
6084,0
6085,R
6086,V
6087,3
6088,2
6089,F
6090,Q
6091,B
6092,4
6093,I
6094,B
6095,1
6096,O
6097,P
6098,F
6099,E
6100,1
6101,3
6102,Z
6103,D
6104,1
6105,V
6106,6
6107,P
6108,E
6109,O
6110,7
6111,5
6112,0
6113,9
6114,0
6115,F
6116,4
6117,3
6118,Z
6119,9
6120,6
6121,I
6122,O
6123,7
6124,O
6125,2
6126,Z
6127,0
6128,7
6129,L
6130,I
6131,F
6132,E
6133,6
6134,3
6135,K
6136,K
6137,7
6138,9
6139,2
6140,H
6141,0
6142,G
6143,6
6144,I
6145,B
6146,G
6147,Z
6148,M
6149,I
6150,E
6151,Z
6152,Z
6153,Z
6154,0
6155,Z
6156,0
6157,V
6158,H
6159,5
6160,R
6161,2
6162,B
6163,B
6164,Z
6165,O
6166,B
6167,U
6168,Z
6169,1
6170,3
6171,3
6172,V
6173,0
6174,3
6175,V
6176,R
6177,8
6178,6
6179,I
6180,Q
6181,D
6182,8
6183,Q
6184,E
6185,N
6186,N
6187,V
6188,D
6189,B
6190,D
6191,2
6192,9
6193,D
6194,N
6195,8
6196,K
6197,R
6198,N
6199,F
6200,K
6201,6
6202,K
6203,1
6204,Q
6205,Z
6206,N
6207,N
6208,M
6209,N
6210,V
6211,Z
6212,F
6213,2
6214,O
6215,E
6216,B
6217,L
6218,N
6219,Q
6220,E
6221,J
6222,B
6223,O
6224,G
6225,K
6226,Q
6227,8
6228,O
6229,E
6230,7
6231,5
6232,K
6233,F
6234,S
6235,0
6236,V
6237,B
6238,7
6239,E
6240,K
6241,0
6242,3
6243,Q
6244,2
6245,V
6246,7
6247,I
6248,N
6249,B
6250,D
6251,O
6252,3
6253,N
6254,N
6255,2
6256,M
6257,5
6258,Z
6259,G
6260,F
6261,7
6262,B
6263,8
6264,E
6265,0
6266,T
6267,0
6268,O
6269,D
6270,E
6271,K
6272,E
6273,O
6274,2
6275,N
6276,E
6277,M
6278,0
6279,8
6280,V
6281,N
6282,M
6283,D
6284,R
6285,2
6286,G
6287,B
6288,9
6289,I
6290,G
6291,C
6292,Z
6293,2
6294,Z
6295,V
6296,J
6297,9
6298,2
6299,2
6300,O
6301,N
6302,Y
6303,Z
6304,Z
6305,F
6306,8
6307,5
6308,O
6309,0
6310,B
6311,0
6312,G
6313,7
6314,K
6315,2
6316,E
6317,0
6318,G
6319,9
6320,H
6321,2
6322,8
6323,0
6324,Z
6325,9
6326,O
6327,5
6328,V
6329,G
6330,K
6331,R
6332,9
6333,C
6334,F
6335,V
6336,O
6337,2
6338,Z
6339,0
6340,L
6341,N
6342,0
6343,B
6344,5
6345,J
6346,0
6347,0
6348,N
6349,J
6350,9
6351,7
6352,K
6353,N
6354,I
6355,V
6356,N
6357,5
6358,9
6359,8
6360,0
6361,O
6362,F
6363,E
6364,I
6365,6
6366,L
6367,9
6368,9
6369,1
6370,Z
6371,8
6372,5
6373,9
6374,0
6375,Z
6376,3
6377,C
6378,7
6379,K
6380,O
6381,0
6382,N
6383,K
6384,5
6385,B
6386,N
6387,Z
6388,G
6389,0
6390,K
6391,4
6392,8
6393,O
6394,O
6395,U
6396,K
6397,6
6398,Z
6399,7
6400,I
6401,F
6402,G
6403,R
6404,E
6405,Z
6406,0
6407,C
6408,N
6409,D
6410,4
6411,O
6412,O
6413,D
6414,V
6415,8
6416,Z
6417,S
6418,C
6419,5
6420,7
6421,J
6422,Z
6423,9
6424,V
6425,7
6426,Z
6427,V
6428,D
6429,G
6430,Q
6431,6
6432,L
6433,O
6434,O
6435,Z
6436,I
6437,2
6438,O
6439,Z
6440,K
6441,I
6442,6
6443,3
6444,Z
6445,H
6446,6
6447,J
6448,O
6449,N
6450,J
6451,I
6452,O
6453,B
6454,K
6455,T
6456,V
6457,D
6458,I
6459,0
6460,B
6461,0
6462,2
6463,0
6464,V
6465,4
6466,E
6467,E
6468,J
6469,0
6470,Z
6471,N
6472,G
6473,Q
6474,V
6475,T
6476,6
6477,I
6478,I
6479,C
6480,V
6481,F
6482,F
6483,Z
6484,0
6485,G
6486,F
6487,K
6488,I
6489,0
6490,0
6491,B
6492,Z
6493,4
6494,O
6495,Q
6496,7
6497,M
6498,S
6499,K
6500,E
6501,E
6502,Z
6503,J
6504,G
6505,U
6506,C
6507,Z
6508,B
6509,Z
6510,9
6511,0
6512,D
6513,N
6514,5
6515,N
6516,Z
6517,O
6518,D
6519,Z
6520,M
6521,B
6522,B
6523,B
6524,3
6525,2
6526,Z
6527,4
6528,E
6529,O
6530,0
6531,O
6532,V
6533,N
6534,0
6535,3
6536,E
6537,C
6538,R
6539,V
6540,O
6541,O
6542,8
6543,R
6544,1
6545,K
6546,O
6547,B
6548,F
6549,7
6550,9
6551,P
6552,V
6553,N
6554,4
6555,K
6556,6
6557,9
6558,H
6559,8
6560,O
6561,1
6562,P
6563,6
6564,S
6565,2
6566,3
6567,2
6568,0
6569,1
6570,E
6571,5
6572,D
6573,8
6574,5
6575,K
6576,V
6577,5
6578,3
6579,5
6580,K
6581,E
6582,O
6583,V
6584,E
6585,9
6586,1
6587,D
6588,9
6589,M
6590,C
6591,Z
6592,F
6593,P
6594,B
6595,E
6596,2
6597,4
6598,5
6599,J
6600,O
6601,0
6602,B
6603,V
6604,Z
6605,O
6606,9
6607,6
6608,0
6609,2
6610,9
6611,B
6612,F
6613,U
6614,J
6615,9
6616,0
6617,K
6618,Z
6619,E
6620,4
6621,8
6622,V
6623,E
6624,7
6625,3
6626,6
6627,9
6628,5
6629,2
6630,D
6631,Z
6632,N
6633,6
6634,E
6635,V
6636,0
6637,1
6638,H
6639,9
6640,I
6641,F
6642,G
6643,V
6644,0
6645,F
6646,N
6647,Z
6648,I
6649,0
6650,9
6651,9
6652,O
6653,M
6654,V
6655,V
6656,O
6657,M
6658,N
6659,0
6660,7
6661,N
6662,M
6663,J
6664,N
6665,K
6666,C
6667,9
